{
  "threshold": 0.8500000000000002,
  "f1": 0.9937098710654069,
  "precision": 0.9917426413128418,
  "recall": 0.9956849207594539,
  "n_pos": 38238,
  "n_neg": 2601482
}