{
  "threshold": 0.8500000000000002,
  "f1": 0.9936229313650057,
  "precision": 0.9909736492989621,
  "recall": 0.9962864166535906,
  "n_pos": 38238,
  "n_neg": 2601482
}