{
  "threshold": 0.45000000000000007,
  "f1": 0.9930887825624668,
  "precision": 0.986272439281943,
  "recall": 1.0,
  "n_pos": 934,
  "n_neg": 3135
}