{
  "threshold": 0.5000000000000001,
  "f1": 0.9708939708939709,
  "precision": 0.9434343434343434,
  "recall": 1.0,
  "n_pos": 934,
  "n_neg": 8354
}