{
  "threshold": 0.6000000000000002,
  "f1": 0.9800629590766002,
  "precision": 0.9609053497942387,
  "recall": 1.0,
  "n_pos": 934,
  "n_neg": 8354
}