{
  "config": {
    "model_path": null,
    "max_distance": 25.0,
    "gap_bridge_frames": 2,
    "learned_max_cost": 0.5,
    "split": "test",
    "n_movies": 10
  },
  "aggregate": {
    "n_gt_detections": 66315,
    "n_gt_tracks": 2736,
    "tp_links": 61436,
    "fp_links": 2320,
    "fn_links": 2143,
    "link_precision": 0.963611267959094,
    "link_recall": 0.9662939020745843,
    "link_f1": 0.9649507205403071,
    "id_switches": 2143,
    "mota": 0.967684535927015,
    "idf1": 0.6079420105516273,
    "mostly_tracked": 647,
    "partially_tracked": 821,
    "mostly_lost": 1268,
    "mt_frac": 0.2364766081871345,
    "ml_frac": 0.46345029239766083
  },
  "per_movie": [
    {
      "movie": "/scicore/home/boeluc00/martin0088/SyMBac_2/symbac_training/synthetic_data/movie_018",
      "n_gt_detections": 16122,
      "n_gt_tracks": 841,
      "tp_links": 14464,
      "fp_links": 905,
      "fn_links": 817,
      "link_precision": 0.9411152319604399,
      "link_recall": 0.9465349126366076,
      "link_f1": 0.9438172920065253,
      "id_switches": 817,
      "mota": 0.9493239052226771,
      "idf1": 0.4466887995806395,
      "mostly_tracked": 133,
      "partially_tracked": 266,
      "mostly_lost": 442,
      "mt_frac": 0.1581450653983353,
      "ml_frac": 0.525564803804994
    },
    {
      "movie": "/scicore/home/boeluc00/martin0088/SyMBac_2/symbac_training/synthetic_data/movie_021",
      "n_gt_detections": 2870,
      "n_gt_tracks": 108,
      "tp_links": 2739,
      "fp_links": 30,
      "fn_links": 23,
      "link_precision": 0.9891657638136512,
      "link_recall": 0.9916727009413469,
      "link_f1": 0.9904176459952994,
      "id_switches": 23,
      "mota": 0.99198606271777,
      "idf1": 0.8440531800215595,
      "mostly_tracked": 70,
      "partially_tracked": 16,
      "mostly_lost": 22,
      "mt_frac": 0.6481481481481481,
      "ml_frac": 0.2037037037037037
    },
    {
      "movie": "/scicore/home/boeluc00/martin0088/SyMBac_2/symbac_training/synthetic_data/movie_027",
      "n_gt_detections": 8644,
      "n_gt_tracks": 264,
      "tp_links": 8245,
      "fp_links": 143,
      "fn_links": 135,
      "link_precision": 0.9829518359561278,
      "link_recall": 0.983890214797136,
      "link_f1": 0.9834208015267175,
      "id_switches": 135,
      "mota": 0.9843822304488663,
      "idf1": 0.6953038333538765,
      "mostly_tracked": 99,
      "partially_tracked": 70,
      "mostly_lost": 95,
      "mt_frac": 0.375,
      "ml_frac": 0.35984848484848486
    },
    {
      "movie": "/scicore/home/boeluc00/martin0088/SyMBac_2/symbac_training/synthetic_data/movie_033",
      "n_gt_detections": 12012,
      "n_gt_tracks": 451,
      "tp_links": 11276,
      "fp_links": 323,
      "fn_links": 285,
      "link_precision": 0.9721527717906716,
      "link_recall": 0.9753481532739382,
      "link_f1": 0.9737478411053541,
      "id_switches": 285,
      "mota": 0.9762737262737262,
      "idf1": 0.5771079881656804,
      "mostly_tracked": 114,
      "partially_tracked": 135,
      "mostly_lost": 202,
      "mt_frac": 0.25277161862527714,
      "ml_frac": 0.44789356984478934
    },
    {
      "movie": "/scicore/home/boeluc00/martin0088/SyMBac_2/symbac_training/synthetic_data/movie_042",
      "n_gt_detections": 16657,
      "n_gt_tracks": 722,
      "tp_links": 15281,
      "fp_links": 685,
      "fn_links": 654,
      "link_precision": 0.9570963297006138,
      "link_recall": 0.9589582679636022,
      "link_f1": 0.958026394156923,
      "id_switches": 654,
      "mota": 0.9607372275920034,
      "idf1": 0.4880271384860982,
      "mostly_tracked": 139,
      "partially_tracked": 221,
      "mostly_lost": 362,
      "mt_frac": 0.1925207756232687,
      "ml_frac": 0.5013850415512465
    },
    {
      "movie": "/scicore/home/boeluc00/martin0088/SyMBac_2/symbac_training/synthetic_data/movie_050",
      "n_gt_detections": 1021,
      "n_gt_tracks": 34,
      "tp_links": 969,
      "fp_links": 18,
      "fn_links": 18,
      "link_precision": 0.9817629179331308,
      "link_recall": 0.9817629179331308,
      "link_f1": 0.9817629179331308,
      "id_switches": 18,
      "mota": 0.9823702252693438,
      "idf1": 0.7341373885684321,
      "mostly_tracked": 12,
      "partially_tracked": 10,
      "mostly_lost": 12,
      "mt_frac": 0.35294117647058826,
      "ml_frac": 0.35294117647058826
    },
    {
      "movie": "/scicore/home/boeluc00/martin0088/SyMBac_2/symbac_training/synthetic_data/movie_056",
      "n_gt_detections": 2743,
      "n_gt_tracks": 99,
      "tp_links": 2568,
      "fp_links": 77,
      "fn_links": 76,
      "link_precision": 0.9708884688090738,
      "link_recall": 0.9712556732223904,
      "link_f1": 0.9710720363017584,
      "id_switches": 76,
      "mota": 0.9722931097338681,
      "idf1": 0.5221044208841769,
      "mostly_tracked": 27,
      "partially_tracked": 25,
      "mostly_lost": 47,
      "mt_frac": 0.2727272727272727,
      "ml_frac": 0.47474747474747475
    },
    {
      "movie": "/scicore/home/boeluc00/martin0088/SyMBac_2/symbac_training/synthetic_data/movie_059",
      "n_gt_detections": 1860,
      "n_gt_tracks": 53,
      "tp_links": 1774,
      "fp_links": 36,
      "fn_links": 33,
      "link_precision": 0.980110497237569,
      "link_recall": 0.981737686773658,
      "link_f1": 0.9809234171965718,
      "id_switches": 33,
      "mota": 0.9822580645161291,
      "idf1": 0.5254995526394274,
      "mostly_tracked": 7,
      "partially_tracked": 20,
      "mostly_lost": 26,
      "mt_frac": 0.1320754716981132,
      "ml_frac": 0.49056603773584906
    },
    {
      "movie": "/scicore/home/boeluc00/martin0088/SyMBac_2/symbac_training/synthetic_data/movie_071",
      "n_gt_detections": 1293,
      "n_gt_tracks": 50,
      "tp_links": 1208,
      "fp_links": 36,
      "fn_links": 35,
      "link_precision": 0.9710610932475884,
      "link_recall": 0.9718423169750603,
      "link_f1": 0.9714515480498593,
      "id_switches": 35,
      "mota": 0.9729311678267595,
      "idf1": 0.5825902335456475,
      "mostly_tracked": 11,
      "partially_tracked": 20,
      "mostly_lost": 19,
      "mt_frac": 0.22,
      "ml_frac": 0.38
    },
    {
      "movie": "/scicore/home/boeluc00/martin0088/SyMBac_2/symbac_training/synthetic_data/movie_092",
      "n_gt_detections": 3093,
      "n_gt_tracks": 114,
      "tp_links": 2912,
      "fp_links": 67,
      "fn_links": 67,
      "link_precision": 0.9775092312856664,
      "link_recall": 0.9775092312856664,
      "link_f1": 0.9775092312856664,
      "id_switches": 67,
      "mota": 0.9783381829938571,
      "idf1": 0.6639075702707363,
      "mostly_tracked": 35,
      "partially_tracked": 38,
      "mostly_lost": 41,
      "mt_frac": 0.30701754385964913,
      "ml_frac": 0.35964912280701755
    }
  ]
}