{
  "config": {
    "model_path": "weights/assignment_scorer.pt",
    "max_distance": 25.0,
    "gap_bridge_frames": 2,
    "learned_max_cost": 0.5,
    "split": "test",
    "n_movies": 10
  },
  "aggregate": {
    "n_gt_detections": 66315,
    "n_gt_tracks": 2736,
    "tp_links": 61568,
    "fp_links": 1813,
    "fn_links": 2011,
    "link_precision": 0.971395213076474,
    "link_recall": 0.9683700592963085,
    "link_f1": 0.969880277252678,
    "id_switches": 2011,
    "mota": 0.9696750358139185,
    "idf1": 0.6196573390873941,
    "mostly_tracked": 741,
    "partially_tracked": 847,
    "mostly_lost": 1148,
    "mt_frac": 0.2708333333333333,
    "ml_frac": 0.4195906432748538
  },
  "per_movie": [
    {
      "movie": "/scicore/home/boeluc00/martin0088/SyMBac_2/symbac_training/synthetic_data/movie_018",
      "n_gt_detections": 16122,
      "n_gt_tracks": 841,
      "tp_links": 14574,
      "fp_links": 680,
      "fn_links": 707,
      "link_precision": 0.9554215287793366,
      "link_recall": 0.9537333944113605,
      "link_f1": 0.954576715244801,
      "id_switches": 707,
      "mota": 0.9561468800396973,
      "idf1": 0.4763714416411556,
      "mostly_tracked": 187,
      "partially_tracked": 247,
      "mostly_lost": 407,
      "mt_frac": 0.22235434007134364,
      "ml_frac": 0.4839476813317479
    },
    {
      "movie": "/scicore/home/boeluc00/martin0088/SyMBac_2/symbac_training/synthetic_data/movie_021",
      "n_gt_detections": 2870,
      "n_gt_tracks": 108,
      "tp_links": 2738,
      "fp_links": 31,
      "fn_links": 24,
      "link_precision": 0.9888046226074395,
      "link_recall": 0.9913106444605359,
      "link_f1": 0.990056047730971,
      "id_switches": 24,
      "mota": 0.9916376306620209,
      "idf1": 0.8328212542924273,
      "mostly_tracked": 67,
      "partially_tracked": 17,
      "mostly_lost": 24,
      "mt_frac": 0.6203703703703703,
      "ml_frac": 0.2222222222222222
    },
    {
      "movie": "/scicore/home/boeluc00/martin0088/SyMBac_2/symbac_training/synthetic_data/movie_027",
      "n_gt_detections": 8644,
      "n_gt_tracks": 264,
      "tp_links": 8229,
      "fp_links": 133,
      "fn_links": 151,
      "link_precision": 0.9840947141832097,
      "link_recall": 0.9819809069212411,
      "link_f1": 0.9830366742324692,
      "id_switches": 151,
      "mota": 0.9825312355391023,
      "idf1": 0.6952664596666878,
      "mostly_tracked": 94,
      "partially_tracked": 78,
      "mostly_lost": 92,
      "mt_frac": 0.3560606060606061,
      "ml_frac": 0.3484848484848485
    },
    {
      "movie": "/scicore/home/boeluc00/martin0088/SyMBac_2/symbac_training/synthetic_data/movie_033",
      "n_gt_detections": 12012,
      "n_gt_tracks": 451,
      "tp_links": 11241,
      "fp_links": 256,
      "fn_links": 320,
      "link_precision": 0.977733321736105,
      "link_recall": 0.9723207335005623,
      "link_f1": 0.9750195160031225,
      "id_switches": 320,
      "mota": 0.9733599733599734,
      "idf1": 0.5829347618136599,
      "mostly_tracked": 117,
      "partially_tracked": 154,
      "mostly_lost": 180,
      "mt_frac": 0.25942350332594233,
      "ml_frac": 0.3991130820399113
    },
    {
      "movie": "/scicore/home/boeluc00/martin0088/SyMBac_2/symbac_training/synthetic_data/movie_042",
      "n_gt_detections": 16657,
      "n_gt_tracks": 722,
      "tp_links": 15365,
      "fp_links": 523,
      "fn_links": 570,
      "link_precision": 0.9670820745216515,
      "link_recall": 0.9642296830875432,
      "link_f1": 0.9656537724287465,
      "id_switches": 570,
      "mota": 0.9657801524884433,
      "idf1": 0.5095028745350016,
      "mostly_tracked": 174,
      "partially_tracked": 234,
      "mostly_lost": 314,
      "mt_frac": 0.2409972299168975,
      "ml_frac": 0.43490304709141275
    },
    {
      "movie": "/scicore/home/boeluc00/martin0088/SyMBac_2/symbac_training/synthetic_data/movie_050",
      "n_gt_detections": 1021,
      "n_gt_tracks": 34,
      "tp_links": 966,
      "fp_links": 12,
      "fn_links": 21,
      "link_precision": 0.9877300613496932,
      "link_recall": 0.9787234042553191,
      "link_f1": 0.983206106870229,
      "id_switches": 21,
      "mota": 0.9794319294809011,
      "idf1": 0.7494432071269488,
      "mostly_tracked": 11,
      "partially_tracked": 13,
      "mostly_lost": 10,
      "mt_frac": 0.3235294117647059,
      "ml_frac": 0.29411764705882354
    },
    {
      "movie": "/scicore/home/boeluc00/martin0088/SyMBac_2/symbac_training/synthetic_data/movie_056",
      "n_gt_detections": 2743,
      "n_gt_tracks": 99,
      "tp_links": 2577,
      "fp_links": 61,
      "fn_links": 67,
      "link_precision": 0.9768764215314633,
      "link_recall": 0.9746596066565809,
      "link_f1": 0.9757667550170389,
      "id_switches": 67,
      "mota": 0.975574188844331,
      "idf1": 0.5366049879324215,
      "mostly_tracked": 31,
      "partially_tracked": 26,
      "mostly_lost": 42,
      "mt_frac": 0.31313131313131315,
      "ml_frac": 0.42424242424242425
    },
    {
      "movie": "/scicore/home/boeluc00/martin0088/SyMBac_2/symbac_training/synthetic_data/movie_059",
      "n_gt_detections": 1860,
      "n_gt_tracks": 53,
      "tp_links": 1761,
      "fp_links": 38,
      "fn_links": 46,
      "link_precision": 0.9788771539744302,
      "link_recall": 0.9745434421693414,
      "link_f1": 0.9767054908485856,
      "id_switches": 46,
      "mota": 0.975268817204301,
      "idf1": 0.5335764205408691,
      "mostly_tracked": 10,
      "partially_tracked": 19,
      "mostly_lost": 24,
      "mt_frac": 0.18867924528301888,
      "ml_frac": 0.4528301886792453
    },
    {
      "movie": "/scicore/home/boeluc00/martin0088/SyMBac_2/symbac_training/synthetic_data/movie_071",
      "n_gt_detections": 1293,
      "n_gt_tracks": 50,
      "tp_links": 1211,
      "fp_links": 22,
      "fn_links": 32,
      "link_precision": 0.9821573398215734,
      "link_recall": 0.9742558326629123,
      "link_f1": 0.9781906300484652,
      "id_switches": 32,
      "mota": 0.9752513534416086,
      "idf1": 0.6067811536767944,
      "mostly_tracked": 11,
      "partially_tracked": 20,
      "mostly_lost": 19,
      "mt_frac": 0.22,
      "ml_frac": 0.38
    },
    {
      "movie": "/scicore/home/boeluc00/martin0088/SyMBac_2/symbac_training/synthetic_data/movie_092",
      "n_gt_detections": 3093,
      "n_gt_tracks": 114,
      "tp_links": 2906,
      "fp_links": 57,
      "fn_links": 73,
      "link_precision": 0.9807627404657442,
      "link_recall": 0.9754951325948304,
      "link_f1": 0.9781218444968024,
      "id_switches": 73,
      "mota": 0.9763983187843518,
      "idf1": 0.6732708296479746,
      "mostly_tracked": 39,
      "partially_tracked": 39,
      "mostly_lost": 36,
      "mt_frac": 0.34210526315789475,
      "ml_frac": 0.3157894736842105
    }
  ]
}