{
  "config": {
    "model_path": "/Users/queralt/Desktop/HiTMic files/weights/assignment_scorer.pt",
    "max_distance": 25.0,
    "gap_bridge_frames": 2,
    "learned_max_cost": 0.5,
    "split": "test",
    "n_movies": 10
  },
  "aggregate": {
    "n_gt_detections": 66315,
    "n_gt_tracks": 2736,
    "tp_links": 61667,
    "fp_links": 1898,
    "fn_links": 1912,
    "link_precision": 0.9701408007551325,
    "link_recall": 0.9699271772126017,
    "link_f1": 0.9700339772226766,
    "id_switches": 1912,
    "mota": 0.971167910729096,
    "idf1": 0.6206987284944796,
    "mostly_tracked": 735,
    "partially_tracked": 816,
    "mostly_lost": 1185,
    "mt_frac": 0.26864035087719296,
    "ml_frac": 0.4331140350877193
  },
  "per_movie": [
    {
      "movie": "/Users/queralt/Desktop/HiTMic files/synthetic_data/movie_018",
      "n_gt_detections": 16122,
      "n_gt_tracks": 841,
      "tp_links": 14585,
      "fp_links": 694,
      "fn_links": 696,
      "link_precision": 0.9545781792002095,
      "link_recall": 0.9544532425888358,
      "link_f1": 0.9545157068062827,
      "id_switches": 696,
      "mota": 0.9568291775213993,
      "idf1": 0.4759200841219769,
      "mostly_tracked": 176,
      "partially_tracked": 245,
      "mostly_lost": 420,
      "mt_frac": 0.20927467300832342,
      "ml_frac": 0.4994054696789536
    },
    {
      "movie": "/Users/queralt/Desktop/HiTMic files/synthetic_data/movie_021",
      "n_gt_detections": 2870,
      "n_gt_tracks": 108,
      "tp_links": 2739,
      "fp_links": 30,
      "fn_links": 23,
      "link_precision": 0.9891657638136512,
      "link_recall": 0.9916727009413469,
      "link_f1": 0.9904176459952994,
      "id_switches": 23,
      "mota": 0.99198606271777,
      "idf1": 0.8417835311039195,
      "mostly_tracked": 70,
      "partially_tracked": 16,
      "mostly_lost": 22,
      "mt_frac": 0.6481481481481481,
      "ml_frac": 0.2037037037037037
    },
    {
      "movie": "/Users/queralt/Desktop/HiTMic files/synthetic_data/movie_027",
      "n_gt_detections": 8644,
      "n_gt_tracks": 264,
      "tp_links": 8242,
      "fp_links": 142,
      "fn_links": 138,
      "link_precision": 0.9830629770992366,
      "link_recall": 0.9835322195704057,
      "link_f1": 0.9832975423526605,
      "id_switches": 138,
      "mota": 0.9840351689032856,
      "idf1": 0.6922456074998448,
      "mostly_tracked": 96,
      "partially_tracked": 72,
      "mostly_lost": 96,
      "mt_frac": 0.36363636363636365,
      "ml_frac": 0.36363636363636365
    },
    {
      "movie": "/Users/queralt/Desktop/HiTMic files/synthetic_data/movie_033",
      "n_gt_detections": 12012,
      "n_gt_tracks": 451,
      "tp_links": 11262,
      "fp_links": 284,
      "fn_links": 299,
      "link_precision": 0.9754027368785727,
      "link_recall": 0.9741371853645878,
      "link_f1": 0.9747695503527068,
      "id_switches": 299,
      "mota": 0.9751082251082251,
      "idf1": 0.5937833945082005,
      "mostly_tracked": 123,
      "partially_tracked": 141,
      "mostly_lost": 187,
      "mt_frac": 0.2727272727272727,
      "ml_frac": 0.4146341463414634
    },
    {
      "movie": "/Users/queralt/Desktop/HiTMic files/synthetic_data/movie_042",
      "n_gt_detections": 16657,
      "n_gt_tracks": 722,
      "tp_links": 15400,
      "fp_links": 545,
      "fn_links": 535,
      "link_precision": 0.9658200062715585,
      "link_recall": 0.9664261060558519,
      "link_f1": 0.9661229611041405,
      "id_switches": 535,
      "mota": 0.9678813711952933,
      "idf1": 0.5117851881612429,
      "mostly_tracked": 174,
      "partially_tracked": 229,
      "mostly_lost": 319,
      "mt_frac": 0.2409972299168975,
      "ml_frac": 0.44182825484764543
    },
    {
      "movie": "/Users/queralt/Desktop/HiTMic files/synthetic_data/movie_050",
      "n_gt_detections": 1021,
      "n_gt_tracks": 34,
      "tp_links": 967,
      "fp_links": 12,
      "fn_links": 20,
      "link_precision": 0.9877425944841676,
      "link_recall": 0.9797365754812564,
      "link_f1": 0.9837232960325535,
      "id_switches": 20,
      "mota": 0.980411361410382,
      "idf1": 0.7529150471960022,
      "mostly_tracked": 11,
      "partially_tracked": 13,
      "mostly_lost": 10,
      "mt_frac": 0.3235294117647059,
      "ml_frac": 0.29411764705882354
    },
    {
      "movie": "/Users/queralt/Desktop/HiTMic files/synthetic_data/movie_056",
      "n_gt_detections": 2743,
      "n_gt_tracks": 99,
      "tp_links": 2584,
      "fp_links": 63,
      "fn_links": 60,
      "link_precision": 0.9761994710993578,
      "link_recall": 0.9773071104387292,
      "link_f1": 0.9767529767529768,
      "id_switches": 60,
      "mota": 0.97812613926358,
      "idf1": 0.5276098347440548,
      "mostly_tracked": 28,
      "partially_tracked": 25,
      "mostly_lost": 46,
      "mt_frac": 0.2828282828282828,
      "ml_frac": 0.46464646464646464
    },
    {
      "movie": "/Users/queralt/Desktop/HiTMic files/synthetic_data/movie_059",
      "n_gt_detections": 1860,
      "n_gt_tracks": 53,
      "tp_links": 1762,
      "fp_links": 39,
      "fn_links": 45,
      "link_precision": 0.9783453636868407,
      "link_recall": 0.9750968456004427,
      "link_f1": 0.9767184035476718,
      "id_switches": 45,
      "mota": 0.9758064516129032,
      "idf1": 0.5328617742410846,
      "mostly_tracked": 9,
      "partially_tracked": 20,
      "mostly_lost": 24,
      "mt_frac": 0.16981132075471697,
      "ml_frac": 0.4528301886792453
    },
    {
      "movie": "/Users/queralt/Desktop/HiTMic files/synthetic_data/movie_071",
      "n_gt_detections": 1293,
      "n_gt_tracks": 50,
      "tp_links": 1213,
      "fp_links": 26,
      "fn_links": 30,
      "link_precision": 0.9790153349475383,
      "link_recall": 0.9758648431214803,
      "link_f1": 0.9774375503626107,
      "id_switches": 30,
      "mota": 0.9767981438515081,
      "idf1": 0.5970409051348999,
      "mostly_tracked": 11,
      "partially_tracked": 18,
      "mostly_lost": 21,
      "mt_frac": 0.22,
      "ml_frac": 0.42
    },
    {
      "movie": "/Users/queralt/Desktop/HiTMic files/synthetic_data/movie_092",
      "n_gt_detections": 3093,
      "n_gt_tracks": 114,
      "tp_links": 2913,
      "fp_links": 63,
      "fn_links": 66,
      "link_precision": 0.9788306451612904,
      "link_recall": 0.9778449144008057,
      "link_f1": 0.9783375314861461,
      "id_switches": 66,
      "mota": 0.9786614936954413,
      "idf1": 0.6810419182335691,
      "mostly_tracked": 37,
      "partially_tracked": 37,
      "mostly_lost": 40,
      "mt_frac": 0.32456140350877194,
      "ml_frac": 0.3508771929824561
    }
  ]
}